code,name
2032c-il.dat,20-32C AIRFOIL
a18-il.dat,A18 (original)
a18sm-il.dat,A18 (smoothed)
a63a108c-il.dat,NASA/AMES 63A108 MOD C AIRFOIL
ag03-il.dat,AG03 (flat aft bottom)
ag04-il.dat,AG04
ag08-il.dat,AG08
ag09-il.dat,AG09
ag10-il.dat,AG10
ag11-il.dat,AG11
ag12-il.dat,AG12
ag13-il.dat,AG13
ag14-il.dat,AG14
ag16-il.dat,AG16
ag17-il.dat,AG17
ag18-il.dat,AG18
ag19-il.dat,AG19
ag24-il.dat,AG24 Bubble Dancer DLG by Mark Drela
ag25-il.dat,AG25 Bubble Dancer DLG by Mark Drela
ag26-il.dat,AG26 Bubble Dancer DLG by Mark Drela
ag27-il.dat,AG27 Bubble Dancer DLG by Mark Drela
ag35-il.dat,AG35
ag36-il.dat,AG36
ag37-il.dat,AG37
ag38-il.dat,AG38
ag44ct02r-il.dat,AG44ct -02f
ag455ct02r-il.dat,AG455ct -02f rot.
ag45c03-il.dat,AG45c -03f
ag45ct02r-il.dat,AG45ct -02f
ag46c03-il.dat,AG46c -03f
ag46ct02r-il.dat,AG46ct  -02f rot.
ag47c03-il.dat,AG47c -03f
ag47ct02r-il.dat,AG47ct  -02f rot.
ah21-7-il.dat,AH21 7% version (Andrew Hollom)
ah21-9-il.dat,AH21 9% version (Andrew Hollom)
ah63k127-il.dat,AH 63-K-127/24
ah6407-il.dat,AH-6-40-7 AIRFOIL
ah7476-il.dat,AH-7-47-6 AIRFOIL
ah79100a-il.dat,AH 79-100 A AIRFOIL
ah79100b-il.dat,AH 79-100 B AIRFOIL
ah79100c-il.dat,AH 79-100 C AIRFOIL
ah79k132-il.dat,AH 79-K-132/20
ah79k135-il.dat,AH 79-K-135/20 B
ah79k143-il.dat,AH 79-K-143/18
ah80129-il.dat,AH 80-129
ah80136-il.dat,AH 80-136
ah80140-il.dat,AH 80-140
ah81131-il.dat,AH 81-131
ah81k144-il.dat,AH 81-K-144/17
ah81k144wfklappe-il.dat,AH 81-K-144 W-F KLAPPE
ah82150a-il.dat,AH 82-150 A
ah82150f-il.dat,AH 82-150 F
ah83150q-il.dat,AH 83-150 Q
ah83159-il.dat,AH 83-159
ah85l120-il.dat,AH 85-L-120/17
ah88k130-il.dat,AH 88-K-130/20
ah88k136-il.dat,AH 88-K-136/16
ah93156-il.dat,AH 93-156
ah93157-il.dat,AH 93-157
ah93k130-il.dat,AH 93-K-130/15
ah93k131-il.dat,AH 93-K-131/15
ah93k132-il.dat,AH 93-K-132/15
ah93w145-il.dat,AH 93-W-145
ah93w174-il.dat,AH 93-W-174
ah93w215-il.dat,AH 93-W-215
ah93w257-il.dat,AH 93-W-257
ah93w300-il.dat,AH 93-W-300
ah93w480b-il.dat,AH 93-W-480B
ah94145-il.dat,AH 94-145
ah94156-il.dat,AH 94-156
ah94w301-il.dat,AH 94-W-301
ah95160-il.dat,AH 95-160
ames01-il.dat,NASA/AMES A-01 AIRFOIL
ames02-il.dat,NASA/AMES A-02 AIRFOIL
ames03-il.dat,NASA/AMES A-03 AIRFOIL
amsoil1-il.dat,RUTAN CANARD AIRFOIL
amsoil2-il.dat,RUTAN WING AIRFOIL
apex16-il.dat,Apex 16 (normalized using XFOIL date021206)
aquilasm-il.dat,AQUILA 9.3% smoothed
arad10-il.dat,ARA-D 10% AIRFOIL
arad13-il.dat,ARA-D 13% AIRFOIL
arad20-il.dat,ARA-D 20% AIRFOIL
arad6-il.dat,ARA-D 6% AIRFOIL
as5045-il.dat,AS5045 (15%)
as5046-il.dat,AS5046 (16%)
as5048-il.dat,AS5048 (18%)
atr72sm-il.dat,Smoothed ATR airfoil coordinates obtained  using AFSMO (Harry Morgan's NASA smoothing program)
august160-il.dat,AUGUST 160
avistar-il.dat,AVISTAR
b29root-il.dat,B-29 ROOT AIRFOIL
b29tip-il.dat,B-29 TIP AIRFOIL
b540ols-il.dat,BELL 540 AIRFOIL (MODIFIED NACA 0012)
b707a-il.dat,BOEING 707 .08 SPAN AIRFOIL
b707b-il.dat,BOEING 707 .19 SPAN AIRFOIL
b707c-il.dat,BOEING 707 .40 SPAN AIRFOIL
b707d-il.dat,BOEING 707 .54 SPAN AIRFOIL
b707e-il.dat,BOEING 707 .99 SPAN AIRFOIL
b737a-il.dat,BOEING 737 ROOT AIRFOIL
b737b-il.dat,BOEING 737 MIDSPAN AIRFOIL
b737c-il.dat,BOEING 737 MIDSPAN AIRFOIL
b737d-il.dat,BOEING 737 OUTBOARD AIRFOIL
bacj-il.dat,BOEING AIRFOIL J (no closed TE)
bacnlf-il.dat,BOEING HSNLF AIRFOIL
bacxxx-il.dat,BOEING BACXXX AIRFOIL
bambino6-il.dat,Bambino 6
be50-il.dat,BE50 (original)
be50sm-il.dat,BE50 (smoothed)
boe103-il.dat,BOEING 103 AIRFOIL
boe106-il.dat,BOEING 106 AIRFOIL
bqm34-il.dat,RYAN BQM-34 FIREBEE WING AIRFOIL
bw3-il.dat,Bergey BW-3  (smoothed)
c141a-il.dat,LOCKHEED C-141 BL0 AIRFOIL
c141b-il.dat,LOCKHEED C-141 BL113.6 AIRFOIL
c141c-il.dat,LOCKHEED C-141 BL426.57 AIRFOIL
c141d-il.dat,LOCKHEED C-141 BL610.61 AIRFOIL
c141e-il.dat,LOCKHEED C-141 BL761.11 AIRFOIL
c141f-il.dat,LOCKHEED C-141 BL958.89 AIRFOIL
c5a-il.dat,LOCKHEED C-5A BL0 AIRFOIL
c5b-il.dat,LOCKHEED C-5A BL488.2 AIRFOIL
c5c-il.dat,LOCKHEED C-5A BL576 AIRFOIL
c5d-il.dat,LOCKHEED C-5A BL758.6 AIRFOIL
c5e-il.dat,LOCKHEED C-5A BL1256 AIRFOIL
cap21c-il.dat,CAP 21   (TraCFoil)
cast102-il.dat,CAST 10-2/DOA 2 AIRFOIL
ch10sm-il.dat,CH10 (smoothed)
chen-il.dat,CHEN AIRFOIL
clarkk-il.dat,CLARK K AIRFOIL
clarkv-il.dat,CLARK V AIRFOIL
clarkw-il.dat,CLARK W AIRFOIL
clarkx-il.dat,CLARK X AIRFOIL
clarky-il.dat,CLARK Y AIRFOIL
clarkyh-il.dat,CLARK YH AIRFOIL
clarkys-il.dat,CLARK YS AIRFOIL
clarkysm-il.dat,CLARK-Y 11.7% smoothed
clarkz-il.dat,CLARK Z AIRFOIL
clarym15-il.dat,CLARK YM-15 AIRFOIL
clarym18-il.dat,CLARK YM-18 AIRFOIL
coanda1-il.dat,Coanda 1
coanda2-il.dat,Coanda 2
coanda3-il.dat,Coanda 3
cootie-il.dat,WACO COOTIE AIRFOIL
cp-060-050-gn.dat,Cambered plate C=6% T=5% R=2.11
cp-080-050-gn.dat,Cambered plate C=8% T=5% R=1.6
cp-100-050-gn.dat,Cambered plate C=10% T=5% R=1.3
cp-120-050-gn.dat,Cambered plate C=12% T=5% R=1.1
cp-140-050-gn.dat,Cambered plate C=14% T=5% R=0.96
cp-160-050-gn.dat,Cambered plate C=16% T=5% R=0.86
cp-180-050-gn.dat,Cambered plate C=18% T=5% R=0.78
cr001sm-il.dat,cr001sm
cr1-il.dat,CURTISS CR-1 AIRFOIL
curtisc72-il.dat,Curtis C-72
dae11-il.dat,DAE-11 AIRFOIL
dae21-il.dat,DAE-21 AIRFOIL
dae31-il.dat,DAE-31 AIRFOIL
dae51-il.dat,DAE-51 AIRFOIL
davis-corrected-il.dat,DAVIS BASIC B-24 WING AIRFOIL
davis-il.dat,Davis AIRFOIL
davissm-il.dat,davissm
daytonwright6-il.dat,Dayton-Wright 6
daytonwrightt1-il.dat,Dayton-Wright T-1
dbln526-il.dat,SIKORSKY DBLN-526 AIRFOIL
defcnd1-il.dat,DEFIANT CANARD BL20 AIRFOIL
defcnd2-il.dat,DEFIANT CANARD BL110 AIRFOIL
defcnd3-il.dat,DEFIANT CANARD BL145 AIRFOIL
df101-il.dat,DF 101 AIRFOIL
df102-il.dat,DF102
dfvlrr4-il.dat,DFVLR R-4 AIRFOIL
dga1138-il.dat,D.G.A. 1138
dga1182-il.dat,D.G.A. 1182
dh4009sm-il.dat,dh4009sm
doa5-il.dat,DORNIER A-5 AIRFOIL
dormoy-il.dat,Dormoy
drgnfly-il.dat,DRAGONFLY CANARD
dsma523a-il.dat,DSMA-523A AIRFOIL
dsma523b-il.dat,DSMA-523B AIRFOIL
du06-w-200-dt.dat,DU 06-W-200  VAWT airfoil
du84132v-il.dat,DELFT DU84-132V3 AIRFOIL (MEASURED)
du8608418-il.dat,DU86-084/18 8.44%
du861372-il.dat,DU 86-137/25 AIRFOIL
e1098-il.dat,EPPLER 1098 AIRFOIL
e1200-il.dat,EPPLER 1200 AIRFOIL
e1210-il.dat,EPPLER 1210 AIRFOIL
e1211-il.dat,EPPLER 1211 AIRFOIL
e1212-il.dat,EPPLER E1212 AIRFOIL
e1212mod-il.dat,EPPLER E1212MOD AIRFOIL
e1213-il.dat,EPPLER 1213 AIRFOIL
e1214-il.dat,EPPLER 1214 AIRFOIL
e1230-il.dat,EPPLER 1230 AIRFOIL
e1233-il.dat,EPPLER 1233 AIRFOIL
e168-il.dat,E168  (12.45%)
e169-il.dat,E169  (14.4%)
e171-il.dat,(Dicke 12.28%)
e174-il.dat,E174  (Dicke 8.92%)
e176-il.dat,E176  (8.83%)
e178-il.dat,E178  (8.69%)
e180-il.dat,E180  (8.59%)
e182-il.dat,E182 (8.47%)
e184-il.dat,E184  (8.33%)
e186-il.dat,E186  (10.27%)
e193-il.dat,E193  (10.22%)
e195-il.dat,E195  (11.82%)
e197-il.dat,E197  (13.49%)
e201-il.dat,E201  (11.88%)
e203-il.dat,E203  (13.64%)
e205-il.dat,E205  (10.48%)
e207-il.dat,E207  (12.04%)
e209-il.dat,E209  (13.72%)
e210-il.dat,E210  (13.64%)
e211-il.dat,E211  (10.96%)
e212-il.dat,E212  (10.55%)
e214-il.dat,E214  (11.1%)
e216-il.dat,E216  (10.4%)
e220-il.dat,E220  (11.48%)
e221-il.dat,E221  (9.39%)
e222-il.dat,E222  (10.17%)
e224-il.dat,E224  (10.17%)
e226-il.dat,E226  (10.19%)
e228-il.dat,E10(08%)
e230-il.dat,E230  (9.96%)
e231-il.dat,E231
e266-il.dat,EPPLER 266 AIRFOIL
e297-il.dat,EPPLER 297 AIRFOIL
e325-il.dat,EPPLER 325 AIRFOIL
e326-il.dat,EPPLER 326 AIRFOIL
e327-il.dat,EPPLER 327 AIRFOIL
e328-il.dat,EPPLER 328 AIRFOIL
e329-il.dat,EPPLER 329 AIRFOIL
e330-il.dat,EPPLER 330 AIRFOIL
e331-il.dat,EPPLER 331 AIRFOIL
e332-il.dat,EPPLER 332 AIRFOIL
e333-il.dat,EPPLER 333 AIRFOIL
e334-il.dat,EPPLER 334 AIRFOIL
e335-il.dat,EPPLER 335 AIRFOIL
e336-il.dat,EPPLER 336 AIRFOIL
e337-il.dat,EPPLER 337 AIRFOIL
e338-il.dat,EPPLER 338 AIRFOIL
e339-il.dat,EPPLER 339 AIRFOIL
e340-il.dat,EPPLER 340 AIRFOIL
e341-il.dat,EPPLER 341 AIRFOIL
e342-il.dat,EPPLER 342 AIRFOIL
e343-il.dat,EPPLER 343 AIRFOIL
e344-il.dat,EPPLER 344 AIRFOIL
e360-il.dat,EPPLER 360 AIRFOIL
e361-il.dat,EPPLER 361 AIRFOIL
e374-il.dat,E374
e376-il.dat,EPPLER 376 AIRFOIL
e377-il.dat,EPPLER 377 AIRFOIL
e377m-il.dat,EPPLER 377 (MODIFIED) AIRFOIL
e378-il.dat,EPPLER 378 AIRFOIL
e379-il.dat,EPPLER 379 AIRFOIL
e385-il.dat,E385  (8.41%)
e387-il.dat,E387
e392-il.dat,E392  (10.15%)
e393-il.dat,EPPLER 393 AIRFOIL
e395-il.dat,EPPLER 395 AIRFOIL
e396-il.dat,EPPLER 396 AIRFOIL
e397-il.dat,EPPLER 397 AIRFOIL
e398-il.dat,EPPLER 398 AIRFOIL
e399-il.dat,EPPLER 399 AIRFOIL
e403-il.dat,EPPLER 403 AIRFOIL
e407-il.dat,EPPLER 407 AIRFOIL
e417-il.dat,EPPLER 417 AIRFOIL
e420-il.dat,EPPLER 420 AIRFOIL
e421-il.dat,EPPLER 421 AIRFOIL
e422-il.dat,EPPLER 422 AIRFOIL
e423-il.dat,E423
e426-il.dat,EPPLER 426 AIRFOIL
e428-il.dat,EPPLER 428 AIRFOIL
e431-il.dat,EPPLER 431 AIRFOIL
e432-il.dat,EPPLER 432 AIRFOIL
e433-il.dat,EPPLER 433 AIRFOIL
e434-il.dat,EPPLER 434 AIRFOIL
e435-il.dat,EPPLER 435 AIRFOIL
e471-il.dat,E471  (6.25%)
e472-il.dat,EPPLER 472 AIRFOIL
e473-il.dat,EPPLER 473 AIRFOIL
e474-il.dat,E474  (14.09%)
e475-il.dat,E475  (15.01%)
e479-il.dat,EPPLER 479 AIRFOIL
e485-il.dat,EPPLER 485 AIRFOIL
e49-il.dat,EPPLER 49 AIRFOIL
e502-il.dat,EPPLER 502 AIRFOIL
e520-il.dat,EPPLER 520 AIRFOIL
e521-il.dat,EPPLER 521 AIRFOIL
e540-il.dat,EPPLER 540 AIRFOIL
e541-il.dat,EPPLER 541 AIRFOIL
e542-il.dat,EPPLER 542 AIRFOIL
e543-il.dat,EPPLER 543 AIRFOIL
e544-il.dat,EPPLER 544 AIRFOIL
e545-il.dat,EPPLER 545 AIRFOIL
e546-il.dat,EPPLER 546 AIRFOIL
e547-il.dat,EPPLER 547 AIRFOIL
e548-il.dat,EPPLER 548 AIRFOIL
e549-il.dat,EPPLER 549 AIRFOIL
e550-il.dat,EPPLER 550 AIRFOIL
e551-il.dat,EPPLER 551 AIRFOIL
e552-il.dat,EPPLER 552 AIRFOIL
e553-il.dat,EPPLER 553 AIRFOIL
e554-il.dat,EPPLER 554 AIRFOIL
e555-il.dat,EPPLER 555 AIRFOIL
e556-il.dat,EPPLER 556 AIRFOIL
e557-il.dat,EPPLER 557 AIRFOIL
e558-il.dat,EPPLER 558 AIRFOIL
e559-il.dat,EPPLER 559 AIRFOIL
e560-il.dat,EPPLER 560 AIRFOIL
e561-il.dat,EPPLER 561 AIRFOIL
e562-il.dat,EPPLER 562 AIRFOIL
e58-il.dat,EPPLER 58 AIRFOIL
e580-il.dat,EPPLER 580 AIRFOIL
e582-il.dat,EPPLER 582 AIRFOIL
e583-il.dat,EPPLER 583 AIRFOIL
e584-il.dat,EPPLER 584 AIRFOIL
e585-il.dat,EPPLER 585 AIRFOIL
e587-il.dat,EPPLER 587 AIRFOIL
e59-il.dat,EPPLER 59 AIRFOIL
e591-il.dat,E591
e593-il.dat,EPPLER 593 AIRFOIL
e598-il.dat,EPPLER 598 AIRFOIL
e603-il.dat,EPPLER 603 AIRFOIL
e604-il.dat,EPPLER 604 AIRFOIL
e61-il.dat,E61  (5.64%)
e62-il.dat,E62  (5.62%)
e625-il.dat,EPPLER 625 AIRFOIL
e63-il.dat,E63  (4.25%)
e635-il.dat,EPPLER 635 AIRFOIL
e636-il.dat,EPPLER 636 AIRFOIL
e637-il.dat,EPPLER 637 AIRFOIL
e638-il.dat,EPPLER 638 AIRFOIL
e639-il.dat,EPPLER 639 AIRFOIL
e64-il.dat,E64  (8.45%)
e642-il.dat,EPPLER 642 AIRFOIL
e654-il.dat,EPPLER 654 AIRFOIL
e655-il.dat,EPPLER 655 AIRFOIL
e656-il.dat,EPPLER 656 AIRFOIL
e657-il.dat,EPPLER 657 AIRFOIL
e66-il.dat,EPPLER 66 AIRFOIL
e662-il.dat,EPPLER E662 AIRFOIL
e664-il.dat,EPPLER 664 AIRFOIL
e668-il.dat,EPPLER 668 AIRFOIL
e67-il.dat,EPPLER 67 AIRFOIL
e678-il.dat,EPPLER 678 AIRFOIL
e68-il.dat,EPPLER 68 AIRFOIL
e682-il.dat,EPPLER 682 AIRFOIL
e694-il.dat,EPPLER 694 AIRFOIL
e71-il.dat,E71  (5.15%)
e715-il.dat,EPPLER 715 AIRFOIL
e748-il.dat,EPPLER 748 AIRFOIL
e793-il.dat,EPPLER 793 AIRFOIL
e817-il.dat,EPPLER 817 HYDROFOIL AIRFOIL
e818-il.dat,EPPLER 818 HYDROFOIL AIRFOIL
e836-il.dat,EPPLER E836 HYDROFOIL AIRFOIL
e837-il.dat,EPPLER E837 HYDROFOIL AIRFOIL
e838-il.dat,EPPLER E838 HYDROFOIL AIRFOIL
e850-il.dat,EPPLER E850 AIRFOIL
e851-il.dat,EPPLER E851 AIRFOIL
e852-il.dat,EPPLER E852 AIRFOIL
e853-il.dat,EPPLER E853 AIRFOIL
e854-il.dat,EPPLER E854 AIRFOIL
e855-il.dat,EPPLER 855 AIRFOIL
e856-il.dat,EPPLER 856 AIRFOIL
e857-il.dat,EPPLER 857 AIRFOIL
e858-il.dat,EPPLER 858 AIRFOIL
e862-il.dat,EPPLER 862 STRUT AIRFOIL
e863-il.dat,EPPLER 863 STRUT AIRFOIL
e864-il.dat,EPPLER 864 STRUT AIRFOIL
e874-il.dat,EPPLER 874 HYDROFOIL AIRFOIL
e904-il.dat,EPPLER 904 AIRFOIL
e908-il.dat,EPPLER 908 AIRFOIL
ea61009-il.dat,EPPLER EA 6(-1)-009 AIRFOIL
ea61012-il.dat,EPPLER EA 6(-1)-012 AIRFOIL
ea81006-il.dat,EPPLER EA 8(-1)-006 AIRFOIL
ebambino7-il.dat,E. Bambino
ec863914-il.dat,EPPLER EC 86(-3)-914 AIRFOIL
eh0009-il.dat,EH 0.0/9.0
eh1070-il.dat,Eh 1.0/7.0
eh1090-il.dat,EH 1.0/9.0
eh1590-il.dat,EH 1.5/9.0
eh2010-il.dat,EH 2.0/10
eh2012-il.dat,EH 2.0/12
eh2070-il.dat,EH 2.0/7.0
eh2510-il.dat,EH 2.5/10
eh3012-il.dat,EH 3.0/12
eiffel10-il.dat,Eiffel 10 (Wright) - 1903 Wright Flyer airfoil
eiffel371-il.dat,Eiffel 371 (Monge)
eiffel385-il.dat,Eiffel 385 (S.T. Ae)
eiffel428-il.dat,Eiffel 428 (Bleriot)
eiffel430-il.dat,Eiffel 430 (Lachassgne)
esa40-il.dat,ESA40
falcon-il.dat,Falcon
fauvel-il.dat,FAUVEL 14% AIRFOIL
fg1-il.dat,Fage & Collins 1
fg2-il.dat,Fage & Collins 2
fg3-il.dat,Fage & Collins 3
fg4-il.dat,Fage & Collins 4
fx049915-il.dat,WORTMANN FX 049-915 AIRFOIL
fx05188-il.dat,WORTMANN FX 05-188 AIRFOIL
fx05191-il.dat,WORTMANN FX 05-191 AIRFOIL
fx057816-il.dat,WORTMANN FX 057-816
fx05h126-il.dat,WORTMANN FX 05-H-126 AIRFOIL
fx082512-il.dat,WORTMANN FX 082-512 AIRFOIL
fx08s176-il.dat,WORTMANN FX 08-S-176 AIRFOIL
fx2-il.dat,WORTMANN FX 2 AIRFOIL
fx3-il.dat,WORTMANN FX 3 AIRFOIL
fx38153-il.dat,FX 38-153 AIRFOIL
fx60100-il.dat,FX 60-100 AIRFOIL
fx601001-il.dat,FX 60-100 (126) AIRFOIL
fx60100sm-il.dat,FX60-100 10.0% smoothed
fx60126-il.dat,WORTMANN FX 60-126 AIRFOIL
fx601261-il.dat,WORTMANN FX 60-126/1 AIRFOIL
fx60157-il.dat,FX 60-157 AIRFOIL
fx60160-il.dat,FX 60-160 AIRFOIL
fx60177-il.dat,FX 60-177 AIRFOIL
fx61140-il.dat,FX 61-140 AIRFOIL
fx61147-il.dat,FX 61-147 AIRFOIL
fx61163-il.dat,FX 61-163 AIRFOIL
fx61168-il.dat,FX 61-168 AIRFOIL
fx61184-il.dat,FX 61-184 AIRFOIL
fx62k131-il.dat,WORTMANN FX 62-K-131 AIRFOIL
fx62k153-il.dat,FX 62-K-153/20 AIRFOIL
fx63100-il.dat,FX 63-100 AIRFOIL
fx63110-il.dat,FX 63-110 AIRFOIL
fx63120-il.dat,FX 63-120 AIRFOIL
fx63137-il.dat,WORTMANN FX 63-137 AIRFOIL
fx63137sm-il.dat,FX 63-137 13.7% smoothed
fx63143-il.dat,FX 63-143 AIRFOIL
fx63145-il.dat,FX 63-145 AIRFOIL
fx63147-il.dat,FX 63-147 AIRFOIL
fx63158-il.dat,FX 63-158 AIRFOIL
fx6617a2-il.dat,FX 66-17AII-182 AIRFOIL
fx6617ai-il.dat,WORTMANN FX 66-17AII-182 AIRFOIL (AS TESTED AT NASA)
fx66182-il.dat,FX 66-182 AIRFOIL
fx66196v-il.dat,FX 66-S-196 V1 AIRFOIL
fx66a175-il.dat,WORTMANN FX 66-17A-175 AIRFOIL
fx66h60-il.dat,FX 66-H-60
fx66h80-il.dat,FX 66-H-80
fx66s161-il.dat,FX 66-S-161 AIRFOIL
fx66s171-il.dat,FX 66-S-171 AIRFOIL
fx66s196-il.dat,FX 66-S-196 AIRFOIL
fx67k150-il.dat,FX 67-K-150/17 AIRFOIL
fx67k170-il.dat,FX 67-K-170/17 AIRFOIL
fx68h120-il.dat,FX 68-H-120
fx69274-il.dat,WORTMANN FX 69-274
fx69h083-il.dat,BELL/WORTMANN FX 69-H-083 AIRFOIL
fx69h098-il.dat,BELL/WORTMANN FX 69-H-098 AIRFOIL
fx69pr281-il.dat,FX 69-PR-281
fx71089a-il.dat,WORTMANN FX 71-089A AIRFOIL
fx71120-il.dat,WORTMANN FX 71-120 AIRFOIL
fx711520-il.dat,FX 71-L-150/20 AIRFOIL
fx711525-il.dat,FX 71-L-150/25 AIRFOIL
fx711530-il.dat,FX 71-L-150/30 AIRFOIL
fx71l150-il.dat,FX 71-L-150/30 AIRFOIL
fx72150a-il.dat,WORTMANN FX 72-MS-150A AIRFOIL
fx72150b-il.dat,WORTMANN FX 72-MS-150B AIRFOIL
fx72ls160-il.dat,FX 72-LS-160
fx73170-il.dat,WORTMANN FX 73-170
fx73170a-il.dat,WORTMANN FX 73-170 A
fx73cl1152-il.dat,FX 73-CL1-152
fx73cl2152-il.dat,FX 73-CL2-152
fx73cl3152-il.dat,FX 73-CL3-152
fx73k170-il.dat,FX 73-K-170/22
fx74080-il.dat,WORTMANN FX 74-080
fx74130wp1-il.dat,FX 74-130 WP1
fx74130wp2-il.dat,74-130 WP2
fx74130wp2mod-il.dat,74-130 WP2 MOD
fx74cl5140-il.dat,FX74_CL5_140
fx74cl6140-il.dat,FX 74-CL6-140
fx74modsm-il.dat,FX 74-Cl5-140 MOD  (smoothed)
fx75141-il.dat,WORTMANN FX 75-141
fx75193-il.dat,WORTMANN FX 75-193
fx75vg166-il.dat,FX 75-VG-166/22
fx76100-il.dat,WORTMANN FX 76-100
fx76120-il.dat,WORTMANN FX 76-120
fx76mp120-il.dat,FX 76-MP-120
fx76mp140-il.dat,FX 76-MP-140
fx76mp160-il.dat,FX 76-MP-160
fx77080-il.dat,WORTMANN FX 77-080
fx77w121-il.dat,FX 77-W-121
fx77w153-il.dat,WORTMANN FX 77-W-153 AIRFOIL
fx77w258-il.dat,WORTMANN FX 77-W-258 AIRFOIL
fx77w270-il.dat,FX 77-W-270
fx77w270s-il.dat,FX 77-W-270S
fx77w343-il.dat,WORTMANN FX 77-W-343 AIRFOIL
fx78k140-il.dat,FX 78-K-140/20
fx78k140a20-il.dat,FX 78-K-140 A/20
fx78k150-il.dat,FX 78-K-150/20
fx78k161-il.dat,FX 78-K-161
fx78pk188-il.dat,FX 78-PK-188/20
fx79k144-il.dat,WORTMANN FX 79-K-144/17 AIRFOIL
fx79l100-il.dat,FX 79-L-100
fx79l120-il.dat,FX 79-L-120
fx79w151a-il.dat,FX 79-W-151 A
fx79w470a-il.dat,FX 79-W-470A
fx79w660a-il.dat,FX 79-W-660A
fx80080-il.dat,WORTMANN FX 80-080
fx83w108-il.dat,FX 83-W-108
fx83w160-il.dat,FX 83-W-160
fx83w227-il.dat,FX 83-W-227
fx84w097-il.dat,FX 84-W-097
fx84w127-il.dat,FX 84-W-127
fx84w140-il.dat,FX 84-W-140
fx84w150-il.dat,FX 84-W-150
fx84w175-il.dat,FX 84-W-175
fx84w218-il.dat,FX 84-W-218
fxl142k-il.dat,FX LIII-142 K 25 AIRFOIL
fxlv152-il.dat,WORTMANN FX L V-152 AIRFOIL
fxm2-il.dat,WORTMANN FX M2 AIRFOIL
fxs02196-il.dat,FX S 02-196 AIRFOIL
fxs03182-il.dat,FX S 03-182 AIRFOIL
fxs21158-il.dat,FX S 02/1-158 AIRFOIL
geminism-il.dat,GEMINI (smoothed)
giiia-il.dat,GIII BL0 AIRFOIL
giiib-il.dat,GIII BL45 AIRFOIL
giiic-il.dat,GIII BL75 AIRFOIL
giiid-il.dat,GIII BL86 AIRFOIL (modified line 31)
giiie-il.dat,GIII BL126 AIRFOIL
giiif-il.dat,GIII BL145 AIRFOIL
giiig-il.dat,GIII BL167 AIRFOIL
giiih-il.dat,GIII BL207 AIRFOIL
giiii-il.dat,GIII BL288 AIRFOIL
giiij-il.dat,GIII BL332 AIRFOIL
giiik-il.dat,GIII BL369 AIRFOIL
giiil-il.dat,GIII BL387 AIRFOIL
giiim-il.dat,GIII BL430 AIRFOIL
giiin-il.dat,GIII BL450 AIRFOIL
glennmartin2-il.dat,Glenn Martin 2
glennmartin3-il.dat,Glenn Martin 3
glennmartin4-il.dat,Glenn Martin 4
gm15sm-il.dat,GM15 (smoothed)
goe05k-il.dat,GOE 5K AIRFOIL
goe06k-il.dat,GOE 6K AIRFOIL
goe07k-il.dat,GOE 7K AIRFOIL
goe08k-il.dat,GOE 8K AIRFOIL
goe09k-il.dat,GOE 9K AIRFOIL
goe100-il.dat,GOE 100 (SOPWITH) AIRFOIL
goe101-il.dat,GOE 101 AIRFOIL
goe10k-il.dat,GOE 10K AIRFOIL
goe113-il.dat,GOE 113 AIRFOIL
goe114-il.dat,GOE 114 (MVA MK.1) AIRFOIL
goe115-il.dat,GOE 115 (MVA MK.2) AIRFOIL
goe116-il.dat,GOE 116 (MVA MK.3) AIRFOIL
goe117-il.dat,GOE 117 (MVA MK.4) AIRFOIL
goe118-il.dat,GOE 118 (MVA MK.7) AIRFOIL
goe11k-il.dat,GOE 11K AIRFOIL
goe121-il.dat,GOE 121 (MVA H.1) AIRFOIL
goe122-il.dat,GOE 122 (MVA H.2) AIRFOIL
goe123-il.dat,GOE 123 AIRFOIL
goe124-il.dat,GOE 124 (MVA H.4) AIRFOIL
goe12k-il.dat,GOE 12K AIRFOIL
goe133-il.dat,GOE 133 (MVA H.11) AIRFOIL
goe134-il.dat,GOE 134 (MVA H.12) AIRFOIL
goe137-il.dat,GOE 137 (MVA H.15) AIRFOIL
goe13k-il.dat,GOE 13K AIRFOIL
goe14-il.dat,GOE 14 AIRFOIL
goe140-il.dat,GOE 140 (MVA H.17) AIRFOIL
goe142-il.dat,GOE 142 (MVA H.19) AIRFOIL
goe143-il.dat,GOE 143 (MVA H.20) AIRFOIL
goe144-il.dat,GOE 144 (MVA H.21) AIRFOIL
goe147-il.dat,GOE 147 (MVA H.6) AIRFOIL
goe14k-il.dat,GOE 14K AIRFOIL
goe15-il.dat,GOE 15 AIRFOIL
goe155-il.dat,GOE 155 (SSW D.1) AIRFOIL
goe15k-il.dat,GOE 15K AIRFOIL
goe164-il.dat,GOE 164 (MVA MK.10) AIRFOIL
goe165-il.dat,GOE 165 (MVA MK.11) AIRFOIL
goe167-il.dat,GOE 167 (V.KARMAN PROP.2) AIRFOIL
goe16k-il.dat,GOE 16K AIRFOIL
goe173-il.dat,GOE 173 (ALBATROS 6020) AIRFOIL
goe174-il.dat,GOE 174 (ALBATROS 5020) AIRFOIL
goe176-il.dat,GOE 176 (ALBATROS 7020) AIRFOIL
goe177-il.dat,GOE 177 AIRFOIL
goe178-il.dat,GOE 178 AIRFOIL
goe180-il.dat,GOE 180 (MVA H.26) AIRFOIL
goe182-il.dat,GOE 182 (MVA H.27) AIRFOIL
goe184-il.dat,GOE 184 (MVA H.29) AIRFOIL
goe187-il.dat,GOE 187 (SCHTTE-LANZ 2U10) AIRFOIL
goe188-il.dat,GOE 188 (SCHTTE-LANZ 3U10) AIRFOIL
goe190-il.dat,GOE 190 (MVA MK.18) AIRFOIL
goe195-il.dat,GOE 195 AIRFOIL
goe198-il.dat,GOE 198 (L.F.G. 5294) AIRFOIL
goe199-il.dat,GOE 199 (L.F.G. 5406) AIRFOIL
goe207-il.dat,GOE 207 (AVIATIK V8) AIRFOIL
goe210-il.dat,GOE 210 (DAIMLER) AIRFOIL
goe217-il.dat,GOE 217 (MVA MK.12) AIRFOIL
goe222-il.dat,GOE 222 (MVA H.33) AIRFOIL
goe223-il.dat,GOE 223 (MVA H.34) AIRFOIL
goe225-il.dat,GOE 225 (MVA H.35) AIRFOIL
goe226-il.dat,GOE 226 (MVA H.36) AIRFOIL
goe227-il.dat,GOE 227 (MVA H.37) AIRFOIL
goe228-il.dat,GOE 228 (MVA H.38) AIRFOIL
goe229-il.dat,GOE 229 (MVA H.39) AIRFOIL
goe233-il.dat,GOE 233 (MVA CA4) AIRFOIL
goe234-il.dat,GOE 234 (MVA CA5) AIRFOIL
goe235-il.dat,GOE 235 (SCHTTE-LANZ) AIRFOIL
goe238-il.dat,GOE 238 (HANSA-BRANDENBURG) AIRFOIL
goe239-il.dat,GOE 239 (MVA H.31) AIRFOIL
goe240-il.dat,GOE 240 (KOLLER) AIRFOIL
goe241-il.dat,GOE 241 (MVA PR.1) AIRFOIL
goe242-il.dat,GOE 242 (MVA PR.2) AIRFOIL
goe243-il.dat,GOE 243 (MVA PR.3) AIRFOIL
goe244-il.dat,GOE 244 (MVA PR.4) AIRFOIL
goe255-il.dat,GOE 255 (MVA CA.6) AIRFOIL
goe256-il.dat,GOE 256 (JUNKERS E) AIRFOIL
goe257-il.dat,GOE 257 AIRFOIL
goe264-il.dat,GOE 264 AIRFOIL
goe265-il.dat,GOE 265 AIRFOIL
goe269-il.dat,GOE 269 AIRFOIL
goe274-il.dat,GOE 274 (DAIMLER V) AIRFOIL
goe275-il.dat,GOE 275 (DAIMLER VI) AIRFOIL
goe276-il.dat,GOE 276 (DAIMLER VII) AIRFOIL
goe277-il.dat,GOE 277 (DAIMLER VIII) AIRFOIL
goe278-il.dat,GOE 278 (DAIMLER IX) AIRFOIL
goe279-il.dat,GOE 279 (DAIMLER X) AIRFOIL
goe280-il.dat,GOE 280 (DAIMLER XI) AIRFOIL
goe281-il.dat,GOE 281 (DAIMLER XII) AIRFOIL
goe282-il.dat,GOE 282 (DAIMLER XIII) AIRFOIL
goe284-il.dat,GOE 284 AIRFOIL
goe285-il.dat,GOE 285 AIRFOIL
goe286-il.dat,GOE 286 AIRFOIL
goe287-il.dat,GOE 287 AIRFOIL
goe288-il.dat,GOE 288 AIRFOIL
goe289-il.dat,GOE 289 (MVA 289) AIRFOIL
goe290-il.dat,GOE 290 (MVA 290) AIRFOIL
goe298-il.dat,GOE 298 AIRFOIL
goe29b-il.dat,GOE 29B AIRFOIL
goe300-il.dat,GOE 300 (FRIEDRICHSHAFEN G20) AIRFOIL
goe301-il.dat,GOE 301 (FRIEDRICHSHAFEN G 13) AIRFOIL
goe303-il.dat,GOE 303 (FRIEDRICHSHAFEN G03) AIRFOIL
goe304-il.dat,GOE 304 (FRIEDRICHSHAFEN G02) AIRFOIL
goe308-il.dat,GOE 308 (MVA H.40) AIRFOIL
goe309-il.dat,GOE 309 (MVA H.41) AIRFOIL
goe310-il.dat,GOE 310 (MVA H.42) AIRFOIL
goe311-il.dat,GOE 311 (MVA H.43) AIRFOIL
goe314-il.dat,GOE 314 (HANSA-BRANDENBURG) AIRFOIL
goe315-il.dat,GOE 315 (HANSA-BRANDENBURG III.5) AIRFOIL
goe316-il.dat,GOE 316 (HANSA-BRANDENBURG IV.5) AIRFOIL
goe318-il.dat,GOE 318 (HANSA-BRANDENBURG VI.5) AIRFOIL
goe319-il.dat,GOE 319 (HANSA-BRANDENBURG II) AIRFOIL
goe320-il.dat,GOE 320 (HANSA-BRANDENBURG II.1) AIRFOIL
goe321-il.dat,GOE 321 (HANSA-BRANDENBURG III.1) AIRFOIL
goe322-il.dat,GOE 322 (HANSA-BRANDENBURG IV.1) AIRFOIL
goe323-il.dat,GOE 323 (HANSA-BRANDENBURG V.1) AIRFOIL
